username,rating,comment,variant,timestamp,date,keyword
vubukali,5,"Đáng tiền, nó còn hút lau sạch hơn cả mình 🥲. Phòng mình 2 ngày là đi cấn chân, có máy này khoẻ hẳn. 
Note: dây điện đường kính <1,4cm là máy không biết né đâu, hay đi băng qua khiến phần chổi lau bị vướng dây đi không được, nên mỗi lần cho nó hút là mình phải đẩy quạt cây sát tường. Với mình thì bất tiện này cũng k đáng kể mà nếu máy khắc phục đc thì càng tuyệt vời 😋",,1732945223,2024-11-30,robot hút bụi lau nhà
cpochan,5,"Đúng với mô tả:ddungs
Chất lượng sản phẩm:toits
Tính năng nổi bật:hút bụi

Thấy bả hút bụi, lau nhà cũng gọn gàng, mau lẹ lắm. Mỗi cái là ra lệnh cho bả phải bằng tiếng Anh, mà phải đúng từng chữ câu lệnh (ko được 1 chữ), ko là bả ko hiểu. Làm mình phải liên kết bả với con Alexa mới ra lệnh được. Ai ko có Alexa thì ra lệnh qua Siri cũng được nà.
Hình ảnh chỉ mang tính chất nhận xu, tại ảnh shop sao thì bả y chang dị đó",Qrevo Curv 2 Pro,1768061496,2026-01-10,robot hút bụi lau nhà
n*****o,5,"Shop đóng gói cẩn thận, giao hàng nhanh chóng,  shipper thân thiện. Sẽ tiếp tục ủng hộ",,1738770450,2025-02-05,robot hút bụi lau nhà
luckyduck92,5,"Lực hút:ok
Lau sạch:ok

đánh giá nhận xu trước chứ chưa sử dụng, tổng quan thì robot nhìn rất dễ thương",Qrevo Curv 2 Pro,1763395504,2025-11-17,robot hút bụi lau nhà
anhhoatuyt,5,"Sản phẩm chất lượng với giá tiền, máy lau sạch nhà, thông minh và hiện đại. Rất hài lòng về robot. Mn yên tâm shop giao hàng rất cẩn thận. Sẽ ủng hộ shop tiếp ạ.",Qrevo Curv 2 Pro,1768643958,2026-01-17,robot hút bụi lau nhà
ngan_9287,5,Sịn xò con bò - phần kỹ thuật shop hỗ trợ nhanh - đóng gói cẩn thận - nói chung là chỉ là k có tiền mua thôi - chứ mua là mê,,1734705682,2024-12-20,robot hút bụi lau nhà
u*****0,5,Chất lượng sản phẩm rất tuyệt vời nha    Đóng gói sản phẩm rất đẹp và chắc chắn lắm     Shop phục vụ rất tốt nhé tư vấn nhiệt tình lắm      Giao hàng nhanh nha :>>>,,1719668807,2024-06-29,robot hút bụi lau nhà
s*****3,5,"Đầy đủ phụ kiện. Sau khi sử dụng gần 1 tháng,hôm nay vao đánh giá , chất lượng sp rất tốt : bền , rẻ, đẹp. Ship nhanh trong 2 ngày và đóng gói rất kỹ. đáng 5 sao. Thanhs và chúc shop thành công.",,1719288736,2024-06-25,robot hút bụi lau nhà
s*****9,5,"Máy chạy khỏe, lực hút mạnh, hút sạch cả những bụi bẩn nhỏ, nhà mình sàn gỗ có những khe nhưng máy vẫn hút được bụi, chống rơi tốt, điều khiển qua app điện thoại, hộp đựng rác to Biết tự chuyển hướng khi gặp chướng ngại vật, dễ sử dụng Đóng gói kỹ lưỡng và giao hàng nhanh",,1719638400,2024-06-29,robot hút bụi lau nhà
u*****0,5,"Đầy đủ phụ kiện. Sau khi sử dụng gần 1 tháng,hôm nay vao đánh giá , chất lượng sp rất tốt : bền , rẻ, đẹp. Ship nhanh trong 2 ngày và đóng gói rất kỹ. đáng 5 sao. Thanhs và chúc shop thành công.",,1719638338,2024-06-29,robot hút bụi lau nhà
n*****8,5,"Máy chạy hút mạnh, gọn nhẹ dễ sử dụng, vệ sinh máy và không tón diện tích trong nhà, giao hàng nhanh, mới đặt hôm trc 2 ngày sau đã có mặt tại nhà. rất hài lòng",,1719288781,2024-06-25,robot hút bụi lau nhà
s*****9,5,"máy hút khỏe và sạch.chạy êm lau sàn tương đối thôi chứ k thể bằng người lau nha.giá so với sản phẩm là rẻ.nói chung máy chất lượng nên mua ạ, ảnh mang tính chất nhận xu nhé shop",,1719288920,2024-06-25,robot hút bụi lau nhà
z*****3,5,"Đọc review thấy shop bán máy này rất chạy nên nghe theo và mua thì quả thật, Giao hàng rất nhanh, sản phẩm đúng như mô tả, lực hút rất khỏe, hút đc bụi to và nhỏ, không bị ồn và nặng như những máy khác, mầu sắc đẹp. Sẽ ủng hộ shop nhiều hơn nữa.",,1719288830,2024-06-25,robot hút bụi lau nhà
tpaominhloanly754,5,"Nhận hàng thì thấy ok, shop chuẩn bị và giao hàng nhanh nên mình ưng ý. Sau khi dùng sẽ quay lại đánh giá tiếp cho khách quan. Nhưng trước mắt về cách đóng gói, chăm sóc khách hàng là ưng ý rồi ạ, cho shop 5sao nhé",1 sp,1741017867,2025-03-03,robot hút bụi lau nhà
mylcphapphui,5,"Nhận hàng thì thấy ok, shop chuẩn bị và giao hàng nhanh nên mình ưng ý. Sau khi dùng sẽ quay lại đánh giá tiếp cho khách quan. Nhưng trước mắt về cách đóng gói, chăm sóc khách hàng là ưng ý rồi ạ, cho shop 5sao nhé",1 sp,1741018242,2025-03-03,robot hút bụi lau nhà
lcnungoquang,5,"Sản phẩm tuyệt vời hơn mong đợi, dùng rất tốt. Phục vụ chăm sóc khách hàng rất nhanh và nhiệt tình. Đánh giá shop 5 sao nha.",,1719753627,2024-06-30,robot hút bụi lau nhà
l*****y,5,Chất lượng sản phẩm rất tuyệt vời nha Đóng gói sản phẩm rất đẹp và chắc chắn lắm Shop phục vụ rất tốt nhé tư vấn nhiệt tình lắm Giao hàng nhanh nha :>>>,,1719752819,2024-06-30,robot hút bụi lau nhà
lbymbaodom,5,Chất lượng sản phẩm rất tuyệt vời nha Đóng gói sản phẩm rất đẹp và chắc chắn lắm Shop phục vụ rất tốt nhé tư vấn nhiệt tình lắm Giao hàng nhanh nha :>>>,,1719755537,2024-06-30,robot hút bụi lau nhà
yvnbmanman930,5,"Giao hàng nhanh, ship vui tính, hàng đúng y mô tả, Đóng gói cẩn thận, sản phẩm đẹp chắc chắn, mọi người nên mua nha, Shop rất nhiệt tình luôn, săn được sale giá lại siêu rẻ. Thanks shop nhiều nhiều.",,1719559332,2024-06-28,robot hút bụi lau nhà
dfkpthoisu,5,"Chất lượng sản phẩm tuyệt vời nhé, đóng hàng cẩn thận và giao hàng rất nhanh . Giá rẻ ưu đãi, shiper nhiệt tình . Nói chung đáng tiền mua.",1 sp,1741018985,2025-03-03,robot hút bụi lau nhà
lbymbaodom,5,Mua nhiều lần rồi khỏi bàn về chất lượng.Giá thành hợp lý.giao hàng nhanh đóng gói cẩn thận  ship thân thiện lịch sự.sẽ ủng hộ shop dài dài o,,1719755869,2024-06-30,robot hút bụi lau nhà
hkushaihung,5,"giá rẻ,uy tín đã mua shop nhiều lần rất hài lòng tư vấn nhiệt tình shop đáng yêu, chất lượng và giá quá pà ưng sẽ ủng hộ shop lâu dài nơi đáng để mua mọi người nên thử",,1719553021,2024-06-28,robot hút bụi lau nhà
opkfhuynhgia540,5,"Chất lượng sản phẩm tuyệt vời, đóng gói sản phẩm đẹp và chắc chắn. Shop phục vụ rất tốt, đóng hàng rất nhanh. Thời gian giao hàng cũng nhanh.",1 sp,1741019077,2025-03-03,robot hút bụi lau nhà
n*****8,5,"Hút mạnh dc tóc hạt nhỏ, bụi mịn, nói chung ok so với mức giá. shop gói cẩn thận giao hàng nhanh",,1719638249,2024-06-29,robot hút bụi lau nhà
paaequyetthai594,5,"Chất lượng sản phẩm rất là tuyệt vời cả nhà ạ, shop tư vấn rất là chu đáo và nhiệt tình, đóng gói sản phảm cẩn thận không vết sước, thời gian giao hàng rất là nhanh",1 sp,1741018872,2025-03-03,robot hút bụi lau nhà
bofidiepsaker,5,"Chất lượng sản phẩm rất ưng , sản phâm rất thích nha, shop đóng gói rất cẩn thận nha, tư vấn chăm sóc khách hàng rất là tôt chu đáo lắm, thời gian giao hàng cúng rất là nhanh nữa",1 sp,1741018446,2025-03-03,robot hút bụi lau nhà
wfbhhailua229,5,"Sản phẩm chất lượng dùng hiệu quả thời gian giao hàng nhanh, đóng gói sản phẩm chắc chắn, shop phục vụ nhiệt tình chu đáo, Sẽ ghé lại shop trong thời gian tới. Cảm ơn shop nhiều 😍😍😍",1 sp,1741018715,2025-03-03,robot hút bụi lau nhà
pdclsinhbonsai439,5,"Shop phục vụ rất nhiệt tình nha, shipper thân thiện. Giao hàng nhanh quá ạ, sản phẩm thì khỏi phải bàn nữa, quá tốt. Đã mua hàng của shop rất nhiều rồi nên yên tâm về chất lượng. Cảm ơn shop vì những sp chất lượng",1 sp,1741018318,2025-03-03,robot hút bụi lau nhà
kzpncanvu,5,"Shop phục vụ rất nhiệt tình nha, shipper thân thiện. Giao hàng nhanh quá ạ, sản phẩm thì khỏi phải bàn nữa, quá tốt. Đã mua hàng của shop rất nhiều rồi nên yên tâm về chất lượng. Cảm ơn shop vì những sp chất lượng",,1719552682,2024-06-28,robot hút bụi lau nhà
hkushaihung,5,"Shop phục vụ rất nhiệt tình nha, shipper thân thiện. Giao hàng nhanh quá ạ, sản phẩm thì khỏi phải bàn nữa, quá tốt. Đã mua hàng của shop rất nhiều rồi nên yên tâm về chất lượng. Cảm ơn shop vì những sp chất lượng",,1719553063,2024-06-28,robot hút bụi lau nhà
m*****c,5,"Thời gian chuẩn bị hàng và giao hàng khá nhanh,đặt 2 hôm là nhận được hàng rồi,đóng gói khá đẹp,shop tư vấn nhiệt tình,sẽ tiếp tục ủng hộ shop lần sau",,1719752987,2024-06-30,robot hút bụi lau nhà
kihotiemtamtoa,5,lần đầu mua hàng bên shop rất ưng ý về sản phẩm cũng như thái độ tư vấn rất nhiệt tình lúc đầu định k mua em này nhưng mua về lại rất ưng ý luôn ạ đẹp mà dùng rất thích luôn shop uy tín mình sẽ follow và ủng hộ thêm,,1719374847,2024-06-26,robot hút bụi lau nhà
kihotiemtamtoa,5,lần đầu mua hàng bên shop rất ưng ý về sản phẩm cũng như thái độ tư vấn rất nhiệt tình lúc đầu định k mua em này nhưng mua về lại rất ưng ý luôn ạ đẹp mà dùng rất thích luôn shop uy tín mình sẽ follow và ủng hộ thêm,,1719374729,2024-06-26,robot hút bụi lau nhà
z*****3,5,"Shop đóng hàng rất cẩn thận, phục vụ nhiệt tình sản phẩm thì hài lòng hết mức luôn mọi người ạ. Mình thấy shop rất nhiệt tình, hàng giao nhanh, rất hài lòng với shop.",,1719751354,2024-06-30,robot hút bụi lau nhà
gbeqyenlangvu,5,"Shop đóng gói quá kỹ, sạch đẹp và đầy đủ
Chuẩn bị hàng và giao đến tay mình nhanh chóng rất là ưng về khoản này nha
Cũng ngắm đc món đồ nữa của shop rồi sẽ quay lại và ủng hộ tiếp",1 sp,1741018072,2025-03-03,robot hút bụi lau nhà
hkushaihung,5,"Shop đóng gói quá kỹ, sạch đẹp và đầy đủ
Chuẩn bị hàng và giao đến tay mình nhanh chóng rất là ưng về khoản này nha
Cũng ngắm đc món đồ nữa của shop rồi sẽ quay lại và ủng hộ tiếp",,1719552948,2024-06-28,robot hút bụi lau nhà
lbymbaodom,5,Đã nhận được hàng shop giao hàng nhanh đóng gói chắc chắn bền đẹp giá rẻ chât lượng tuyệt vời. Đã dùng thử rất ưng.,,1719755611,2024-06-30,robot hút bụi lau nhà
kzpncanvu,5,Đã nhận được hàng shop giao hàng nhanh đóng gói chắc chắn bền đẹp giá rẻ chât lượng tuyệt vời. Đã dùng thử rất ưng.,,1719552605,2024-06-28,robot hút bụi lau nhà
zqpahoamoi964,5,"Giá chuẩn và tốt. Rất đáng tiền. Không nghĩ là rẻ vậy. Shop này bán rẻ và ổn, mn nên mua ạ rất hài lòng về sản phẩm ạ, sản phẩm sử dụng tốt, giá cả phải chăng, nên mua mn nhé",1 sp,1741184508,2025-03-05,robot hút bụi lau nhà
n*****8,5,Shop giao nhanh . Sản phẩm tốt. Đã dùng thây kha ok . Đông gói cũng cân thận . 5☆,,1719668788,2024-06-29,robot hút bụi lau nhà
coiwmittomum,5,"Cảm ơn bạn đã tư vấn nhiệt tình nhé mình nhận được hàng rồi sản phẩm quá oke dùng rất thích luôn ạ, giá này mua được sản phẩm tốt như này rất ổn, đóng gói cẩn thận chất lượng ok",,1719375065,2024-06-26,robot hút bụi lau nhà
coiwmittomum,5,"Cảm ơn bạn đã tư vấn nhiệt tình nhé mình nhận được hàng rồi sản phẩm quá oke dùng rất thích luôn ạ, giá này mua được sản phẩm tốt như này rất ổn, đóng gói cẩn thận chất lượng ok",,1719374936,2024-06-26,robot hút bụi lau nhà
coiwmittomum,5,"Cảm ơn bạn đã tư vấn nhiệt tình nhé mình nhận được hàng rồi sản phẩm quá oke dùng rất thích luôn ạ, giá này mua được sản phẩm tốt như này rất ổn, đóng gói cẩn thận chất lượng ok",,1719374985,2024-06-26,robot hút bụi lau nhà
lqvfgiangle,5,Chất lượng sản phẩm:Mua hàng ở shop bạn này yên tâm hẳn hàng rất chất lượng mà chế độ đổi trả cũng rất thoải mái nhiệt tình hàng giao cũng nhanh đóng gói cẩn thận,,1719375773,2024-06-26,robot hút bụi lau nhà
spthellienk729,5,shop tư vấn nhiệt tình hàng gói kỹ và giao hàng cũng rất nhanh cảm ơn shop mình sẽ ủng hộ thêm nhiều 5sao cho sản phẩm cũng như cách tư vấn khách,1 sp,1741183720,2025-03-05,robot hút bụi lau nhà
lfmjhayley,5,"U là trời xuất sắc nha. Quá là ưng khi mua vs giá tiền này. Shop tư vấn rất là nhiệt tình luôn, gói hàng bọc chống sốc rất là kĩ lưỡng.",,1719752269,2024-06-30,robot hút bụi lau nhà
ubmgmyuyen140,5,Quá oke luôn nha dùng thử rất nhiều lần sản phẩm của shop thấy cái nào cũng ưng đúng giá đùng tiêu chuẩn của mình luôn không quá cầu kỳ về mặt hình ảnh quảng cáo mua hàng giao nhanh chất lượng phải nói là ổn áp trong tầm giá rất là ổn áp hay quá đi chất lượng sản phẩm 5 sao đi mà mãi yêu 👏👏✌✌🤞🤞,1 sp,1741183587,2025-03-05,robot hút bụi lau nhà
vlmlhuongtrang820,5,Sản phẩm đúng mô tả . Giao hàng nhanh . Ship hàng nhiệt tình thân thiện . Chất lượng tốt . Sẽ ủng hộ shop nhiều hơn . Mọi người nên mua nha,,1719756271,2024-06-30,robot hút bụi lau nhà
yzqmhuongmuahe787,5,"Đặt hàng nhanh được nhận,shipper vui tính nhiệt tình. Sản phẩm rất tuyệt vời , dễ sử dụng lần đầu trải nghiệm rất thú vị , mọi người lên mua trải nghiệm nhé!",1 sp,1741184632,2025-03-05,robot hút bụi lau nhà
itfdduchong,5,"Sản phẩm chính hãng, đóng gói cẩn thận, giao hàng nhanh lắm. Mình mua đúng dịp Sell lớn nên đc giá hạt dẻ, ổn áp luôn. Lần sau lại ủng hộ shop.",,1719757195,2024-06-30,robot hút bụi lau nhà
axottuyetphann,5,"đóng gói kỹ, giao hàng đúng mẫu mã, chất lượng phải dùng lâu mới biết được. cho shop 5 sao vì phục vụ khách hàng tốt.",,1719553656,2024-06-28,robot hút bụi lau nhà
itfdduchong,5,"Hàng giao siêu nhanh, đóng gói cẩn thận, đủ số lượng. Shop tư vấn nhiệt tình. Chất lượng thì khỏi phải chê, mn nên mua nha",,1719756870,2024-06-30,robot hút bụi lau nhà
spthellienk729,5,"Chất lượng sản phẩm tuyệt vời, đóng gói sản phẩm rất đẹp và chắc chắn, shop phục vụ rất tốt, thời gian giao hàng rất nhanh",1 sp,1741183668,2025-03-05,robot hút bụi lau nhà
jhukngosihiep,5,"Chất lượng sản phẩm tuyệt vời, đóng gói sản phẩm rất đẹp và chắc chắn, shop phục vụ rất tốt, thời gian giao hàng rất nhanh",,1719553433,2024-06-28,robot hút bụi lau nhà
kzpncanvu,5,"sản phẩm chất lượng tốt shop đóng gói kĩ càngg giao hàng nhanh lắm nha shiper thân thiện, lần sau lại tiếp tục ủng hộ",1 sp,1741102864,2025-03-04,robot hút bụi lau nhà
vlmlhuongtrang820,5,"Mình vừa đặt hôm qua thì hôm nay đã nhận dk, shop đóng gói hàng quá nhanh và cẩn thận luôn. Hàng chính hãng nên ko phải lo j về chất lượng rồi. Sẽ mua nhiều lần khác",,1719756096,2024-06-30,robot hút bụi lau nhà
okbxthuongvan902,5,"Sản phẩm khá đẹp và ngon nha mình mua sử dụng thấy được lắm ạ 
shop đóng gói cũng cẩn thận bọc khá kỹ , giao hàng nhanh 
đánh giá shop này 5*.",,1719375456,2024-06-26,robot hút bụi lau nhà
okbxthuongvan902,5,"Sản phẩm khá đẹp và ngon nha mình mua sử dụng thấy được lắm ạ 
shop đóng gói cũng cẩn thận bọc khá kỹ , giao hàng nhanh 
đánh giá shop này 5*.",,1719375502,2024-06-26,robot hút bụi lau nhà
okbxthuongvan902,5,"Sản phẩm khá đẹp và ngon nha mình mua sử dụng thấy được lắm ạ 
shop đóng gói cũng cẩn thận bọc khá kỹ , giao hàng nhanh 
đánh giá shop này 5*.",,1719375478,2024-06-26,robot hút bụi lau nhà
jhukngosihiep,5,"Shop giao hàng nhanh, sản phẩm đẹp, chất lượng lắm luôn ấy. Mình đã mua hàng của shop rồi, giờ mua tiếp nè. Shop đóng hàng cũng rất cẩn thận. Sẽ ủng hộ shop dài dài",,1719553388,2024-06-28,robot hút bụi lau nhà
axottuyetphann,5,"Sản phẩm mẫu mã đẹp, rẻ mà cũng hiệu quả,dùng thử thấy khá thích tiếp tục ủng hộ shop lần sau.Giao hàng nhanh, đóng gói đẹp và chắc.",,1719553844,2024-06-28,robot hút bụi lau nhà
u*****0,5,"riêng mình mua hàng trên shopee khi nhận hàng mình đánh giá rất khách quan về sản phẩm cũng như thái độ bán hàng của shop , láy hàng về test 1,2 ngày nếu sản phẩm ok thì mình đánh giá ok. chứ không như 1 số người lấy hàng hàng tháng sau do rơi vỡ hoặc lý do nào đó làm hỏng hàng lại mang ra đánh giá xấu, sp mình mua bên shop rất ok",,1719288873,2024-06-25,robot hút bụi lau nhà
xpnzdaikhethuy889,5,hàng giao nhanh chất lượng phải nói là ổn áp trong tầm giá rất là ổn áp hay quá đi chất lượng sản phẩm 5 sao đi mà mãi yêu,,1719554237,2024-06-28,robot hút bụi lau nhà
lqvfgiangle,5,Mua hàng ở shop bạn này yên tâm hẳn hàng rất chất lượng mà chế độ đổi trả cũng rất thoải mái nhiệt tình hàng giao cũng nhanh đóng gói cẩn thận,,1719375720,2024-06-26,robot hút bụi lau nhà
lqvfgiangle,5,Mua hàng ở shop bạn này yên tâm hẳn hàng rất chất lượng mà chế độ đổi trả cũng rất thoải mái nhiệt tình hàng giao cũng nhanh đóng gói cẩn thận,,1719375744,2024-06-26,robot hút bụi lau nhà
z*****3,5,Đã mua vài lần bên thấy shop này bán đồ uy tín hơn các shop khác mình biết tư vấn nhiệt tình hướng dẫn dùng chi tiết dễ hiểu lắm sẽ ủng hộ tiếp tục cho shop nhé.5 sao cho shop ạ.,,1719751267,2024-06-30,robot hút bụi lau nhà
itfdduchong,5,"Giao hàng nhanh, đặt hàng hôm trước hôm sau đã nhận được hàng, đóng gói cẩn thận. Shipper thân thiện. Chưa sử dụng nên chưa biết hiệu quả thế nào......",,1719757264,2024-06-30,robot hút bụi lau nhà
vmmolongantv34846,5,shop này hàng hoá đóng gói rất cẩn thận lần nào mua cũng rất hài lòng hàng giao cũng nhanh tư vấn thì nhiệt tình sản phẩm chất lượng lúc nào cũng oke follow rồi cái gì cũng muốn mua,,1719375404,2024-06-26,robot hút bụi lau nhà
vmmolongantv34846,5,shop này hàng hoá đóng gói rất cẩn thận lần nào mua cũng rất hài lòng hàng giao cũng nhanh tư vấn thì nhiệt tình sản phẩm chất lượng lúc nào cũng oke follow rồi cái gì cũng muốn mua,,1719375327,2024-06-26,robot hút bụi lau nhà
vmmolongantv34846,5,shop này hàng hoá đóng gói rất cẩn thận lần nào mua cũng rất hài lòng hàng giao cũng nhanh tư vấn thì nhiệt tình sản phẩm chất lượng lúc nào cũng oke follow rồi cái gì cũng muốn mua,,1719375383,2024-06-26,robot hút bụi lau nhà
s*****3,5,"Giao hàng nhanh. Đóng gói cẩn thận, đẹp. Sản phẩm giống mô tả, đã dùng thử khá tốt cảm ơn shop🔟🔟🔟🌺🌺🌺",,1719638222,2024-06-29,robot hút bụi lau nhà
nvaydaongocung525,5,"Đã nhận được hàng đúng như hình ảnh của shop, giao hàng nhanh, sản phẩm phù hợp với giá tiền, rất đẹp nên mua nha mn.",1 sp,1741184414,2025-03-05,robot hút bụi lau nhà
vlmlhuongtrang820,5,Mình mua hàng của shop nhiều lần và rất hài lòng về sản phẩm. Sẽ ủng hộ shop những lần sau nữa. Shipper gần nhà mình nên giao hàng củng rất là nhanh.,,1719756136,2024-06-30,robot hút bụi lau nhà
ubmgmyuyen140,5,"Hàng chất lượng, xịn lắm mọi người yên tâm mua nhé !!! Rất an tâm khi mua hàng của shop, uy tín mà chất lượng 10 sao.",1 sp,1741183541,2025-03-05,robot hút bụi lau nhà
lqvfgiangle,5,"Shop đóng gói sản phẩm kĩ lưỡng và chắc chắn, nhiều lớp chống sốc cực kì. Mình đang cần gấp mà shop ship nhanh lắm luôn",1 sp,1741103333,2025-03-04,robot hút bụi lau nhà
qmcyhoaanhhung635,5,"Mình nhận hàng rồi nhé, công nhận khó chê thật, chất lượng điểm 10.
Giao hàng nhanh, đóng gói cẩn thận, thanks shop nhiều nhé, sẽ tiếp tục ủng hộ",1 sp,1741017210,2025-03-03,robot hút bụi lau nhà
jhukngosihiep,5,"Tuy mình không hỏi shop tư vấn hay thắc mắc gì nhưng qua cách đóng gói và giao nhanh như vậy cũng đủ hiểu shop làm việc bằng cái tâm,mình rất thích",,1719553264,2024-06-28,robot hút bụi lau nhà
axottuyetphann,5,"Sản phâm tốt. Dễ sử dụng. Phù hợp. Giao hàng nhanh, đóng gói cẩn thận, nên mua ạ, sẽ ủng hộ shop dài, vì quá tốt nhiệt tình",,1719553801,2024-06-28,robot hút bụi lau nhà
lqvfgiangle,5,"Mua hàng bên shop ship nhanh lắm nhé, shop đáng yêu và nhiệt tình lắm ạ. Cảm ơn shop nhiều nha 🥰Mọi người nên mua hàng ở shop này nha.",1 sp,1741102994,2025-03-04,robot hút bụi lau nhà
kzpncanvu,5,Mình nhận đc hàng r nhà shop gói hàng chu đáo shop khá nhiệt tình sp đúng mẫu mã mk chọn giá cả phù hợp so với thị trường ưng nha shop oi,,1719552822,2024-06-28,robot hút bụi lau nhà
fbggtuyetpham,5,Tính năng nổi bật:sản phẩm dùng ok lắm ạ. shop bán hàng chuẩn miêu tả. giao hàng nhanh uy tín lắm. m sẽ ủng hộ thêm ạ.,,1719555201,2024-06-28,robot hút bụi lau nhà
x*****9,5,"Hàng rất là đẹp mắt, đóng gói cẩn thận, rất hài lòng về shop đóng gói. Còn độ bềnh dùng mới biết được ,vận chuyển nhanh. Tóm lại rất hài lòng.",,1719554006,2024-06-28,robot hút bụi lau nhà
oxdzhuevo572,5,"Đã nhận được sảnh phẩm. Giao hàng nhanh. Đúng mẫ mã sản phẩm. Nhìn và đánh giá thì được, chất lượng cần có thời gian kiểm nghiệm. Nên mua dùng",1 sp,1741184222,2025-03-05,robot hút bụi lau nhà
oxdzhuevo572,5,"Đã nhận được sảnh phẩm. Giao hàng nhanh. Đúng mẫ mã sản phẩm. Nhìn và đánh giá thì được, chất lượng cần có thời gian kiểm nghiệm. Nên mua dùng",1 sp,1741184274,2025-03-05,robot hút bụi lau nhà
hqgpquocthe,5,các bạn nên mua nha giá rẻ tốt còn gói hàng rất cẩn thận còn nhiều nữa dùng rất ok luôn nhaaa cho shop 5 saooo,,1719757361,2024-06-30,robot hút bụi lau nhà
u*****9,5,"Shop đóng gói cẩn thận, tư vấn nhiệt tình,Giao hàng nhanh, đúng mẫu,shop phục vụ rất tốt,rấy đáng tiền.thank you very muchhhhhhh",,1719751766,2024-06-30,robot hút bụi lau nhà
z*****3,5,"Đã nhận được hàng, giao hàng cũng khá nhanh. Đóng gói cẩn thận. Lần đầu mua sản phẩm này tại shop. Sẽ đánh giá về hiệu quả sp sau time sử dụng. Tks shop",,1719751403,2024-06-30,robot hút bụi lau nhà
rwngnakhan670,5,"Giao hàng nhanh nhận đóng hàng cẩn thận
Sản phẩm mới 100%
Shop phản hồi tích cực
Giá thành chấp nhận được",1 sp,1741185168,2025-03-05,robot hút bụi lau nhà
o*****0,5,"Sản phẩm rất tốt , nên mua nha , rất chắc chắn, đẹp tuy chưa sadi nhiều nhưng với giá này thì rẻ",,1719554935,2024-06-28,robot hút bụi lau nhà
o*****0,5,Hàng nhận được hoạt động tốt. Tiện dụng. Phù hợp với giá tiền bỏ ra để sở hữu.5*,,1719554758,2024-06-28,robot hút bụi lau nhà
yaieupunupin937,5,"Giao hàng nhanh , 100k ko đòi hỏi nhiều , mấy mã đẹp , chắc chắn , dùng OK mọi người",,1719754469,2024-06-30,robot hút bụi lau nhà
nqddhenha535,5,"Shop giao hàng nhanh, đóng gói cẩn thận, shipper thân thiện. Giá cả hợp lý",1 sp,1741184959,2025-03-05,robot hút bụi lau nhà
fbggtuyetpham,5,"shop uy tín chất lượng, sản phẩm đảm bảo, giao nhanh gọn, sản phẩm đẹp",,1719555381,2024-06-28,robot hút bụi lau nhà
x*****9,5,"Hàng chất lượng nhé, giao hàng cũng khá nhanh, nói chung là ưng, sẽ ủng hộ tiếp lần sau!!!!!",,1719554623,2024-06-28,robot hút bụi lau nhà
lcnungoquang,5,"Mình dùng của shop nhiều lắm rồi, mọi người yên tâm mua nhé. Shop tư vấn nhiệt tình lắm, xứng đáng 5* luôn nhé.",,1719753697,2024-06-30,robot hút bụi lau nhà
rsjmduyennhan834,5,Đóng hàng lại đẹp và chắc chắn. Sản phẩm đáng đồng tiền.,,1719755120,2024-06-30,robot hút bụi lau nhà
yzqmhuongmuahe787,5,Ship siêu nhanh luôn á hôm trước đặt hôm sau nhận hàng luôn dùng ok nha mọi người còn rẻ nữa,1 sp,1741184594,2025-03-05,robot hút bụi lau nhà
uixntennha789,5,"hàng đóng gói cẩn thận bọc chống sốc rất chắc chắn,shop tư vấn cho mình rất nhiệt tình, quá là ổn áp,nên mua ạ",,1719752045,2024-06-30,robot hút bụi lau nhà
dbehanhninh,5,Sản phẩm như hình đóng gói rất kĩ túi đựng rất chắc chắn shop rất nhiệt tình nếu cần sẽ mua tiếp,,1719556960,2024-06-28,robot hút bụi lau nhà
m*****c,5,sản phẩm mua nhiều lần ở shop này rùi 😍😍😍 nói chung mua nhiều rồi nên không có nhận xét gì thêm ạ Sản phẩm tuyệt vời. Giao hàng nhanh.,,1719753202,2024-06-30,robot hút bụi lau nhà
svsqcudinh509,5,Giao hàng nhanh. Đóng gói cẩn thận . dễ dùng . sản phẩm như mô tả,,1719557144,2024-06-28,robot hút bụi lau nhà
xpnzdaikhethuy889,5,"Gói hàng cận thận, giao nhanh,shipper vui tính,tiền nào của đó ns chung là tốt.",1 sp,1741102573,2025-03-04,robot hút bụi lau nhà
cvlxtranhop,5,"mình dùng được 4 ngày rồi. dùng thích lắm. 
shop nhiệt tình tư vấn . hướng dẫn sử dụng nữa.
đáng 5 sao",,1719556667,2024-06-28,robot hút bụi lau nhà
nqddhenha535,5,"Sp nhẹ, đúng mô tả. Dễ sử dụng. Chất lượng ổn. Sẽ mua lại",1 sp,1741185006,2025-03-05,robot hút bụi lau nhà
svsqcudinh509,5,shop giao hàng nhanh tư vấn đáng iu dùng ok lắm mn nên mua nha đáng mua,,1719557273,2024-06-28,robot hút bụi lau nhà
nvaydaongocung525,5,"Hàng giống như hình, shop rất cẩn thận còn nhắn tin trước cho khách trước khi gửi, chưa dùng thử nhưng sẽ đánh giá chất lượng sau",1 sp,1741184375,2025-03-05,robot hút bụi lau nhà
cvlxtranhop,5,"đóng gói cẩn thận, giao hàng nhanh chóng. Sản phẩm giống với ảnh.",,1719556396,2024-06-28,robot hút bụi lau nhà
e*****n,5,"giá còn rẻ hơn so với thị trường, nhắn tin shop trả lời rất nhanh và nhiệt tình, lần sau sẽ ghé lại mua thêm",,1719753894,2024-06-30,robot hút bụi lau nhà
yaieupunupin937,5,"Đóng gói sản phẩm cẩn  thận
Sản phẩm như hình 
Thời gian giao hàng nhanh",,1719754771,2024-06-30,robot hút bụi lau nhà
rwngnakhan670,5,"Hàng chất lượng tốt mà giá siêu rẻ, giao hàng nhanh",1 sp,1741185122,2025-03-05,robot hút bụi lau nhà
amutluule,5,giao hàng rất nhanh và đóg gói cận thạn giá cả phù hợp mn mua ủg hộ nhé,,1719557749,2024-06-28,robot hút bụi lau nhà
hqgpquocthe,5,"Shipp dễ thương 
Hàng đẹp 
Shop dễ thương đóng hàng nhanh
Giá học sinh sinh viên
Moin người nên thử",,1719757481,2024-06-30,robot hút bụi lau nhà
eyjunhiennhien,5,Mới nhận hàng nên chưa biết có bền không. Giao hàng nhanh đóng gói cẩn thận Chúc shop buôn may bán đắt,,1719754004,2024-06-30,robot hút bụi lau nhà
eoafsteprain,5,"chất lượng sản phẩm tốt, đóng gói cẩn thận, rất đáng để mua, sẽ ủng hộ shop nhiều lần ạ",,1719558640,2024-06-28,robot hút bụi lau nhà
rsjmduyennhan834,5,"Vote cho shop 5* vì giao hàng nhanh , phục vụ tốt 👍",,1719755153,2024-06-30,robot hút bụi lau nhà
opkfhuynhgia540,5,"Cũng may biết đến shop này bán hàng chất lượng giá còn tốt nữa chứ, sẽ ủng hộ shop lâu dài",,1719555043,2024-06-28,robot hút bụi lau nhà
zjrimanhla966,5,"giao hàng nhanh chóng, nhìn rất sạch sẽ, giao hàng thân thiện, lần sau sẽ ủng hộ thêm",1 sp,1741185246,2025-03-05,robot hút bụi lau nhà
y*****7,5,"Màu xinh lắm lắm luôn , trời ơi giao hàng siêu nhanh đặt sáng hôm qua mà nay có hàng rồi",,1719754355,2024-06-30,robot hút bụi lau nhà
xpnzdaikhethuy889,5,dùng thích lắm ạ mát dễ chịu lắm Shop giao hàng nhanh,1 sp,1741102511,2025-03-04,robot hút bụi lau nhà
zqpahoamoi964,5,"Đã nhận được hàng, chất lượng phù hợp với giá tiền, shop đóng gói cẩn thận, chưa dùng nên ko biết có bền không",1 sp,1741184462,2025-03-05,robot hút bụi lau nhà
pvhstavanque246,5,"Shop đóng hàng chắc chắn, giao hàng rất nhanh và sản phẩm đẹp sử dụng rất tốt.",,1719758163,2024-06-30,robot hút bụi lau nhà
amutluule,5,"Giao rất rất rất là nhanh nha, bọc hàng cũng rất là cẩn thận luôn á",,1719557860,2024-06-28,robot hút bụi lau nhà
eoafsteprain,5,"Giao hàng nhanh, chất lượng sản phẩm tốt, sẽ quay lại lần sau, mọi ng nên mua nhé. Chúc shop ngày mới tốt lành 🥰",,1719558605,2024-06-28,robot hút bụi lau nhà
coiwmittomum,5,"Giao hàng nhanh, đóng gói kĩ, đã test thử sản phẩm. Đáng mua ạ.",1 sp,1741183863,2025-03-05,robot hút bụi lau nhà
fbggtuyetpham,5,"sản phẩm đúng mẫu mã, đóng gói cẩn thận nhiều lớp, giao hàng cũng ổn không nhanh lắm nhưng cũng không chậm",,1719555349,2024-06-28,robot hút bụi lau nhà
amutluule,5,"mk dùng thấy rất ok ạ, shop giao hàng nhanh, đóng gói hàng cẩn thận ạ, shop hỗ trợ cũng rất ok",,1719557981,2024-06-28,robot hút bụi lau nhà
dfkpthoisu,5,"Sản phẩm ok, shop giao hàng nhanh! Thanks shop nhiều lắm ạ!",,1719555658,2024-06-28,robot hút bụi lau nhà
u*****9,5,"Hàng giao nhanh, đóng gói cẩn thận, chắc chắn, sản phẩm giống với mô tả, giá cả phải chăng,",,1719751709,2024-06-30,robot hút bụi lau nhà
zjrimanhla966,5,Ok đã nhận được sản phẩm của shop giao hàng rất tốt cầm rất chắc chắn,1 sp,1741185288,2025-03-05,robot hút bụi lau nhà
coiwmittomum,5,Hàng đóng gói cẩn thận ok nhân viên giao hàng nhiệt tình,1 sp,1741183898,2025-03-05,robot hút bụi lau nhà
hqgpquocthe,5,"Hàng hay dùng, lần đầu mua ở shop đóng gói cẩn thận , giao hàng nhanh, có gì ủng hộ shop tiếp",,1719757641,2024-06-30,robot hút bụi lau nhà
eyjunhiennhien,5,"Mua trúng đợt shop ưu đãi giảm giá, sp chất lượng đã vậy còn được giảm giá nữa chứ, thích quá thích",,1719754083,2024-06-30,robot hút bụi lau nhà
nbfwhaithai348,5,Hàng mới mở ra thì thấy rất oke . Rất phù hợp cho các bn tân sinh viên. Không biết sử dụng có đc bền ko nếu sài lâu thấy ổn sẽ ủng hộ shop tiếp.,1 sp,1741184018,2025-03-05,robot hút bụi lau nhà
m*****c,5,"Đóng gói cẩn thận, ship ngay nội thành HN mà 4-5 ngày mới nhận được, rất là lâu. Chất lượng thì để mình dùng thử đã mới đánh giá được",,1719753248,2024-06-30,robot hút bụi lau nhà
kzpncanvu,5,"Mình thích sự phục vụ của shop, 
Nhìn chung máy hoạt động hết công suất",1 sp,1741102762,2025-03-04,robot hút bụi lau nhà
rsjmduyennhan834,5,Sản phẩm giống hình. Giao hàng nhanh.,,1719755239,2024-06-30,robot hút bụi lau nhà
nbfwhaithai348,5,Hàng xài khá OK. Bền hay ko để xài rồi lên comment tiếp,1 sp,1741184060,2025-03-05,robot hút bụi lau nhà
qbxa6945zk,4,"Đúng với mô tả:ok
Chất lượng sản phẩm:ok
Tính năng nổi bật:tiếng ồn thấp.ổn",1 sp,1760262893,2025-10-12,robot hút bụi lau nhà
tony150220,3,"Lực hút rất yếu,nh chỉ hơn 100k thì ko thể nào tốt được",1 sp,1768535150,2026-01-16,robot hút bụi lau nhà
841_sti12c,5,"Máy êm,ko ồn, hút ổn,độ bền thì chưa biết, nên mua nhé mọi người cho đỡ mệt",1 sp,1766642459,2025-12-25,robot hút bụi lau nhà
ukpqnguyenphat143,5,Chất lượng khá là tốt nha mn mình có cho nó chạy thử đc 10phút nó hút khá là tốt các loại rác nhỏ,1 sp,1741016069,2025-03-03,robot hút bụi lau nhà
jiwsthaodinh,5,Giao hàng nhanh. Sản phẩm như hình. Hút bụi mịn tốt. Dọn tóc rụng ok. Sẽ ủng hộ thêm shop,1 sp,1741016101,2025-03-03,robot hút bụi lau nhà
vfkbtucoc810,5,Shop giao hàng nhanh chóng. Mới đặt hàng mà đã nhận được rồi.trông khá chắc chắn và đẹp.,1 sp,1741015985,2025-03-03,robot hút bụi lau nhà
zudsluattruong349,5,"Giá này thì kg mong gì nhiều
Hút bụi tạm. máy sạc đầy chạy tầm đc 45p là hết sạch pin",1 sp,1741016038,2025-03-03,robot hút bụi lau nhà
mvsdphungvanuy,5,Á đù hút được hết cả những sợi tóc chạy được hẳn 30 phút lận tưởng 10 phút ok rồi Đằng này được hẳn 30 phút luôn,1 sp,1741016016,2025-03-03,robot hút bụi lau nhà
z*****3,5,"mua về lôi ra dùng luôn dùng rất thích chạy rất êm không ồn đâu,robot hút bụi rất sạch lực hút mạnh tóc dụng cũng hút đc ạ,shop đang giảm giá lên mua đc mn mua thử dùng nha",,1719638294,2024-06-29,robot hút bụi lau nhà
s*****3,5,"Sản phẩm rất xinh, giao hàng nhanh, lần đầu mua nên chưa biết xài sao hic, nói chung xài thử nếu oke sẽ ủng hộ lại, đóng gói hàng oke",,1719668762,2024-06-29,robot hút bụi lau nhà
tuto1989,5,Mua 3 con bên shop rất hài lòng,1 sp,1767781258,2026-01-07,robot hút bụi lau nhà
n*****6,1,Không chạy được như đồ chơi em bé vậy,1 sp,1747880130,2025-05-22,robot hút bụi lau nhà
tranmaiphuong19,5,Đúng như hình,1 sp,1767776022,2026-01-07,robot hút bụi lau nhà
vutieumy0304,5,Chèn ơi cưng lắm  ok lắm nhe. Giá này mình k đòi hỏi gi nhiều hết. Sạc cũng nhanh đầy pin sài tg cũng ok hi vọng bền lâu ơi,MÁY HÚT BỤI SÀN NHÀ,1755052205,2025-08-13,robot hút bụi lau nhà
12wtt1990,5,"Đúng với mô tả:đúng mô tả
Tính năng nổi bật:robot hút bụi lau nhà

hàng đúng mô tả mới mua nên chưa biết sài bền ko",MÁY HÚT BỤI SÀN NHÀ,1751171442,2025-06-29,robot hút bụi lau nhà
bichhua411,5,"Chất lượng sản phẩm:tốt
Tính năng nổi bật:hút bụi
Đúng với mô tả:đúng

Sản phẩm tốt , nhưng lau nhiều lần mới sạch nhưng cũng ok rồi",MÁY HÚT BỤI SÀN NHÀ,1755072277,2025-08-13,robot hút bụi lau nhà
n*****e,5,"CÁCH LÀM KEM XOÀI NGỌT MÁT GIẢI NHIỆT .
Chuẩn bị nguyên liệu :
- 800ml sữa tươi 
- 40g đường
- 1 quả xoài chín 
- 30g bột nếp 
Cách Làm :
1 . Xoài rửa sạch , gọt vỏ , thái nhỏ .
2 . Cho sữa tươi , đường và bột nếp vào nồi , khuấy đều và nấu đến khi hơi sệt lại thì tắt bếp .
3 . Cho xoài vào , tiếp tục khuấy thêm vài lần .
4 . Đổ hỗn hợp trên vào khuôn làm kem , đợi nguội cho vào ngăn đá tủ lạnh trong 5 tiếng rồi lấy ra thưởng thức .
Chúc các bạn thành công với công thức này nhé 🍀 .",MÁY HÚT BỤI SÀN NHÀ,1750820801,2025-06-25,robot hút bụi lau nhà
phatvo356,5,Hm cái này mình săn đc ođ thì khá là ok hút đc bụi ko hút được rác nhỏ xíu xiu luôn đâu chỉ hút đc bụi th hút rác từ bên này văng qua bên kia th chứ ko có hút vô đc nó hơi  ồn nha  mình săn đc ođ thì quá là ok nhưng ai muốn mua vs giá trăm mấy thì suy nghĩ lại đi nha ko có đáng lấy cây chổi quét nhanh hơn á,MÁY HÚT BỤI SÀN NHÀ,1767518780,2026-01-04,robot hút bụi lau nhà
uu9542ifmn,5,Hàng chất lượng giá cả hợp lý giao hàng nhanh đóng gói cẩn thận,MÁY HÚT BỤI SÀN NHÀ,1767873241,2026-01-08,robot hút bụi lau nhà
l*****3,5,"Đặt màu đen mà shop giao nhầm thành màu trắng. Trả hàng hoàn tiền hơi lằng nhằng nên m dùng tạm màu trắng. Shop thái độ tốt, hỗ trợ nhanh. Nên vẫn đánh giá shop 5*.",Đen,1734091000,2024-12-13,robot hút bụi lau nhà
hibichan0401,5,"Shop gửi nhầm màu cho mình 😭😭😭 rất tiếc vì mình thích màu đen hơn 

Nhận xét là mới chạy thử, máy dễ dùng, dọn cũng sạch. Nhược điểm là dẻ lau hơi mỏng. Mình cảm thấy máy hút tốt hơn lau.

Ở tầm giá này ko thể đòi hỏi nhiều hơn

N",Đen,1767875966,2026-01-08,robot hút bụi lau nhà
anahienle,5,"Tầm giá tiền này nhưng xài cũng khá ok cả nhà ạh. Hút đc lông chó, bụi mịn, chỉnh qua App nên đang ngoài đường vẫn mở đt lên để bật cho robot ở nhà làm việc đc. Nên mua",Đen,1768971862,2026-01-21,robot hút bụi lau nhà
hanaluku,5,"Chất lượng sản phẩm:tốt
Đúng với mô tả:đúng
Tính năng nổi bật:hút bụi, lau nhà quét nhà

Hàng giao nhanh, chất lượng tốt mới đầu mua về k nghĩ n chạy dc mà giờ dùng dc hơn tuần rồi chất lượng ngoài mong đợi luôn. Sau khi trừ xu thì con có hơn 50 cành ( ngang giá mua đồ chơi luôn)",Robot Hút Bụi,1747564439,2025-05-18,robot hút bụi lau nhà
lgbgmbi578,5,"Giao hàng nhanh , đóng gói cẩn thận , chất lượng tốt , mô tả đúng sản phẩm , mẫu mã đẹp , nhìn chắc chắn , lần sau sẽ ủng hộ shop .",Robot Hút Bụi,1743994493,2025-04-07,robot hút bụi lau nhà
8v7x8gvcf9,5,"Kích thước: ok
Chất liệu: ok
Màu sắc: đúng màu, đẹp
Đúng với miêu tả: chuẩn
Hàng chất lượng, giá cả phải chăng, đúng với miêu tả, sẽ ủng hộ thêm.",Robot Hút Bụi,1744423270,2025-04-12,robot hút bụi lau nhà
m38icm2ic2,5,"Chất lượng sản phẩm tuyệt vời, đóng gói sản phẩm rất đẹp và chắc chắn, shop phục vụ rất tốt, thời gian giao hàng rất nhanh",Robot Hút Bụi,1744364434,2025-04-11,robot hút bụi lau nhà
_submcye1g,5,Sản phẩm tốt moi nguoi nên mua nha hang ok lắm đong goi cẩn than san pham nay tot mua xai chat luong lam mat me,Robot Hút Bụi,1745203153,2025-04-21,robot hút bụi lau nhà
p_zzgn2u9n,5,"Sản phẩm đúng như mô tả, chất lượng tương đối cao, gió rất mát , chạy rất êm ái,số mạnh nhất được 2,5h. Số yếu nhất được 4h .",Robot Hút Bụi,1743994088,2025-04-07,robot hút bụi lau nhà
luan_huynh,5,"Máy xịn sò, đẹp, êm, lau rất sạch, dễ sử dụng. Đầy đủ và giao hàng nhanh.
Nhà có em bé và nhiều mèo rất tiện, giải phóng sức lao động.",,1730026405,2024-10-27,robot hút bụi lau nhà
lethithudiem19011999,5,"Lau sạch:sạch bóng

Ck bảo nó làm được việc, bt  nhà phải lau 3 lần mới bóng
Mà nó lau 1 lần bóng sạch, mỗi lần con em đi lau nhà là cả nhà xúm xem nó lau. Y đứa con nít trong nhà. Cho shop 5 sao nha

Này tui cũng đc bà chị giới thiệu mua","Đen,Qrevo C Pro",1765769112,2025-12-15,robot hút bụi lau nhà
huynhnguyen1911.mmo,5,"Ban đầu mình mua Qrevo S vì săn được voucher giảm sâu, sau 2 tuần dùng mới lên đánh giá nhin chung thấy xứng đáng giá tiền. Nhà mình có nuôi mèo nên ngày nào cũng có tóc, lông rụng khắp sàn, robot làm sạch tốt, pin trầu hẳn, hút xong là gọn gàng hẳn. Né đồ vật trong nhà theo cảm nhận mình là tốt. 
Nhân viên shop siu dth mình nhắn nhờ hướng dẫn lúc cỡ 11h đêm nghĩ sáng shop mới trả lời thì các bạn trả lời hướng dẫn ngay trong đêm cho mình.
Giao diện app dùng dễ, không khó kết nối như nhiều người nói, mình dở công nghệ nhưng nghe hướng dùng thấy không khó.
Ai bận rộn hoặc có thú cưng giống mình thì nên cân nhắc em này. Nếu dùng thời gian dài máy tốt sẽ mua ủng hộ shop thêm 1 máy để trên lầu.","Đen,Qrevo S",1752905298,2025-07-19,robot hút bụi lau nhà
bisous868,5,"Đúng với mô tả:đúng
Tính năng nổi bật:hút bụi và lau ướt
Chất lượng sản phẩm:ok

Mới nhận máy, đang mày mò làm quen cũng như thiết lập. Được cái em nó cũng khôn nên sau một hồi loay hoay mình vứt nó ra giữa nhà cho nó tự đo tự vẽ tự lau, muốn làm gì thì làm miễn là tí nữa mình lên kiểm tra thấy sạch là được. Không sạch bắt lau lại 🤣🤣🤣 Quà tặng thì đầy đủ nhưng mình chưa xài.
3/8: chưa đầy 24h em nó quét và hoàn thiện bản đồ nhà, ra kế hoạch lau dọn thông minh. Sàn sạch bong kin kít mn ạ. Nhũng ai còn đang lăn tăn thì nên sắm ngay, sắm khẩn trương một vài em để nâng tầm cuộc sống các bác ạ. Mua bao nhiêu máy hút bụi với robot rồi tới giờ mới ưng.","Trắng,Qrevo C Pro",1754044600,2025-08-01,robot hút bụi lau nhà
hoangnh1,5,"QRevoS - Đóng gói cẩn thận, ship HCM ra HN ra mất 4 ngày - ok
Hàng chính hãng
Mình mới dùng được 5 ngày
Vận hàng tính năng theo mô tả tốt: thông minh, vận hành tự động nhiều tính năng, quét lau sạch , tự giặt giẻ, k lau được trong góc nhưng mình thấy ok vì muốn lau đc góc tưởng cần mua tính năng xoè giẻ ở phân khúc cao hơn như đã tìm hiểu .
App dùng tốt , dễ sử dụng 
Cảm nhận: máy xứng đáng mua, giải toả sức lao động nhiều, nhà sạch sẽ hẳn là sướng nhất !","Trắng,Qrevo S",1746935261,2025-05-11,robot hút bụi lau nhà
tanson2109,5,"Chất lượng sản phẩm:tốt
Tính năng nổi bật:tốt
Đúng với mô tả:hàng chuẩn

Máy ngon nhưng khuyên mn nên mua hẳn bé 5AE cho full mọi ngóc ngách. Dù sao cũng bỏ tiền rồi nên mua dùng cho lâu dài","Đen,Qrevo S",1745812875,2025-04-28,robot hút bụi lau nhà
too90zz3g1,5,"Sp vừa túi tiền, tiện cho k gian nhỏ, sp đúng như mô tả của shop. Đóng gói cẩn thận, mẫu đẹp, vừa ý, ok. ..",MÁY HÚT BỤI,1765615780,2025-12-13,robot hút bụi lau nhà
ngoctuan968,5,"Tính năng nổi bật:hút bụi
Chất lượng sản phẩm:ok
Đúng với mô tả:đúng với mô tả

Giao hàng nhanh, chất lượng sản phẩm chờ thời gian sử dụng, đóng gói sản phẩm chắt chắn, giá trị sản phẩm rẻ, tặng shop 5*",MÁY HÚT BỤI,1761648542,2025-10-28,robot hút bụi lau nhà
sbui1989,5,"Chất lượng sản phẩm:tốt
Tính năng nổi bật:đen
Đúng với mô tả:máy hút bụi

Mình đặt máy bị lỗi phần pin sạc nhắn shop shop hỗ trợ đổi trả cho mình luôn. Uy tín làm nên thương hiệu ok
Đi làm về cũng bỏ ít tg đánh giá cho shop 5*",MÁY HÚT BỤI,1756378955,2025-08-28,robot hút bụi lau nhà
dnkghwlts0,5,"Đúng với mô tả:98%
Chất lượng sản phẩm:khá
Tính năng nổi bật:ổn

Máy dùng được nhưng mà không biết chỗ để cắm sạc, nếu thấy ổn sẽ ủng hộ shop thêm.",MÁY HÚT BỤI,1754114915,2025-08-02,robot hút bụi lau nhà
huynhphamyenphuong,5,"Tính năng nổi bật:ok
Đúng với mô tả:ok
Chất lượng sản phẩm:ok

Hàng đúng với mô tả, giao đúng số lượng, giá thành phù hợp với sản phẩm.",MÁY HÚT BỤI,1747435348,2025-05-17,robot hút bụi lau nhà
_2xqejooar,5,"Đúng với mô tả:đúng mẫu đã đặt
Chất lượng sản phẩm:chưa sài chưa biết
Tính năng nổi bật:hút bụi

Giá thì rẻ mà chưa sài chưa biết sao",MÁY HÚT BỤI,1755179186,2025-08-14,robot hút bụi lau nhà
v*****g,5,"Tính năng nổi bật:bthg
Chất lượng sản phẩm:ok
Đúng với mô tả:ok

Shop đóng gói cẩn thận, dịch vụ tốt, có kĩ thuật gọi điện trực tiếp để hỗ trợ cài đặt. Robot chưa sử dụng nên chưa biết tn. Tạm vote 5*",Robot Mop 2 lite,1682490433,2023-04-26,robot hút bụi lau nhà
k*****n,5,"Đúng với mô tả:Đúng
Chất lượng sản phẩm:Rất tốt
Tính năng nổi bật:Hút bụi, lau sàn

Robot của hãng lớn nhưng giá lại rất hợp lí, giúp cho công việc dọn dẹp tự động, hút và lau khá là sạch, rất đáng giá so với chất lượng.",Đen,1740072774,2025-02-21,robot hút bụi lau nhà
6tga1hek8q,5,"Tính năng nổi bật:dọn dẹp
Đúng với mô tả:chính xác
Chất lượng sản phẩm:tốt với tầm giá như vậy là quá ok, mìn rất hài lòng với sản phẩm, hứa hẹn sẽ mua thêm nhiều sản phẩm uy tín của shop",Đen,1742253445,2025-03-18,robot hút bụi lau nhà
me_gau_de,5,"Chất lượng sản phẩm:tốt
Đúng với mô tả:đúng
Tính năng nổi bật:hút bụi

Sản phẩm đúng với mô tả, giao hàng nhanh. Sẽ sử dụng trải nghiệm và feedback lại sau khi dùng 1 thời gian",,1738468692,2025-02-02,robot hút bụi lau nhà
anhthudao2020,5,"Chất lượng sản phẩm:ok
Tính năng nổi bật:ok
Đúng với mô tả:ok

với dá tui săn sale chỉ còn 1344k thì tui không mong đợi gì hơn, em chạy hút bụi lau nhà trong tầm giá hạt dẻ công năng hút lau ok so với giá , tự về ổ sạc khi năng lượng yếu 🤧, tiền ít tui không trông đợi gì hơn, hy vọng em chạy bền pin lâu chaiiii. Shop đóng gói cực kỳ cẩn thận 9₫₫₫ . Ước có nhiều tiền hơn để trải nghiệm con xịn sò hơn 🤣",,1726925406,2024-09-21,robot hút bụi lau nhà
ttuhuyen91,5,"Hút với lau sạch phết nha, phù hợp với nhà chung cư 💯💯
Lúc đầu hơi loay hoay nhưng inbox shop video hướng dẫn là biết dùng r.
Hi vọng là bền.",Robot Mop 2 lite,1720355194,2024-07-07,robot hút bụi lau nhà
uyenleovo,5,Robot chạy cũng ổn lau nhà cũng khá sạch hút bụi thấy cũng sạch sẽ nữa có thể tách rời buổi riêng mà làm riêng rất thích,,1729776425,2024-10-24,robot hút bụi lau nhà
d*****o,5,"Đúng với mô tả:ok
Tính năng nổi bật:ok
Chất lượng sản phẩm:ok

Quá là oke tìm hiểu mãi ban đầu mình định lấy pro nhưng hết hàng, đúng lúc ra em này mới múc luôn giá sale 14tr5 thuii","QRevo Edge 5V1,Đen",1741967880,2025-03-14,robot hút bụi lau nhà
delrelmor,5,"Shop phục nhiệt tình, dv tuyệt vời. Ship siêu nhanh, nội thành nhận dc sau 1 ngày chốt đơn.

Sau khi test dc mấy ngày:
Chức năng lau cũng khá là hài lòng. Lau sạch k bị dính và để lại vết nước trên sàn.
Sàn nhiều bụi bẩn mn nên dùng chế độ hút trước rồi mới lau. Rồi dùng 2in1 chạy mỗi ngày maintain là ngon lành.
Hút: quá sốc khi máy chạy rất êm (setting lực mạnh) không bị quá ồn như cụ roomba nhà mình.
App: Đầy đủ nhiều chức năng, không kém bên khác.",,1704519401,2024-01-06,robot hút bụi lau nhà
nhungkibi2,5,"Mua 2 con về nội ngoại mỗi bên 1 con. 
Nhà cửa sạch sẽ hẳn. 
Shop có hỗ trợ bảo hành, đổi hàng mới khi bị lỗi.",,1736656371,2025-01-12,robot hút bụi lau nhà
nnmp.nnmp,5,"Chất lượng sản phẩm:Good
Đúng với mô tả:Ok

Hàng của hãng nên đóng gói sẵn nguyên kiện chắc chắn. Robot đẹp, biết leo thảm để hút bụi. Khi trên thảm máy sẽ tự động nâng giẻ lau để ko làm ướt thảm. Video mình quay khi mới để chế độ hút bụi thôi. Lau sàn thử thấy cũng sạch lắm nha cả nhà. Nên mua nếu mng thích sp giá tầm trung nha con này quá ok. Còn dòng cao cấp hơn mình ko nói hehe",Màu Trắng,1763016957,2025-11-13,robot hút bụi lau nhà
uttxiu,5,Hehe rât thich em nay nhe….de thuong lắm.ẽm cũng dễ xai dễ sai kkkk em vừa giá tiên và ẽm thông minh .ma minh thây hãng này xai chât luong nhât,Màu Trắng,1764671313,2025-12-02,robot hút bụi lau nhà
hoangdanhnguyen,5,Đã nhận sản phẩm chất lượng đúng như giới thiệu đóng gói cẩn thận giao hàng nhanh ! Nói chung hài lòng Shop bán hàng có uy tín .,MÁY HÚT BỤI SÀN NHÀ,1752473428,2025-07-14,robot hút bụi lau nhà
wmesdoss78,5,Đã nhận được hàng hàng xài được ok giá cả lại phải chăng cho shop 5 sao cảm ơn shop mai mốt sẽ ủng hộ tiếp,MÁY HÚT BỤI SÀN NHÀ,1766985792,2025-12-29,robot hút bụi lau nhà
dipng182,5,"Tính năng nổi bật:ok
Chất lượng sản phẩm:ok
Đúng với mô tả:ok

Hình ảnh và video chỉ mang tính chất nhận xu. Sản phẩm bên ngoài dùng được, ổn, nên mua. Giao hàng nhanh",MÁY SẤY TÓC,1734454852,2024-12-18,robot hút bụi lau nhà
ffftuhbvh,5,"Tính năng nổi bật:cảm biến tránh vật cản
Chất lượng sản phẩm:tốt",MÁY HÚT BỤI SÀN NHÀ,1752219164,2025-07-11,robot hút bụi lau nhà
mocmien3022669,5,"Máy gấp gọn được, rẻ, đẹp, sấy k quá mạnh nhưng đủ khô tóc, ok. 
Nên mua nha mọi người",MÁY SẤY TÓC,1704808153,2024-01-09,robot hút bụi lau nhà
phuonganhphamtran353,5,"Đúng với mô tả:khá ổn
Chất lượng sản phẩm:khá tốt, nhưng lực hút khá nhỏ.
Tính năng nổi bật:hút bụi mịn,...

May nho va chay kha oke, nhưng lực hút khá nhỏ.",MÁY HÚT BỤI SÀN NHÀ,1753189440,2025-07-22,robot hút bụi lau nhà
